City,Best Model,MAE,RMSE,R2
sj,Elastic Net (L1+L2),16.991699158755033,25.97693022022024,0.17426508438095967
iq,XGBoost,7.420991043711817,12.4556358684389,0.0073924956220300375
