City,Best Model,MAE,RMSE,R2
sj,LightGBM,6.668421842444151,10.485548886281931,0.865848995247335
iq,Decision Tree,5.314088805547874,8.203611466761016,0.5177350686647928
